City_ID,City,Country,Date,Lat,Lng,Max Temp,Humidity,Cloudiness,Wind Speed
0,Punta Arenas,CL,2022-02-01 18:18:25,-53.15,-70.9167,53.62,58,40,39.12
1,Costa Rica,BR,2022-02-01 18:16:27,-23.4167,-54.65,91.17,36,19,4.59
2,Marsh Harbour,BS,2022-02-01 18:18:52,26.5412,-77.0636,68.02,53,45,13.04
3,Atuona,PF,2022-02-01 18:20:39,-9.8,-139.0333,77.86,79,18,22.24
4,Nikolskoye,RU,2022-02-01 18:20:39,59.7035,30.7861,26.49,100,100,2.42
5,Broome,US,2022-02-01 18:20:39,42.2506,-75.833,35.33,48,0,3.0
6,Tashara,RU,2022-02-01 18:20:40,55.5195,83.5094,16.07,94,97,8.37
7,Dongying,CN,2022-02-01 18:20:40,37.4564,118.4856,26.37,33,72,2.48
8,Sao Filipe,CV,2022-02-01 18:20:40,14.8961,-24.4956,75.65,71,100,9.6
9,Butaritari,KI,2022-02-01 18:18:32,3.0707,172.7902,81.28,76,99,11.07
10,Vaini,TO,2022-02-01 18:20:41,-21.2,-175.2,77.16,88,40,2.3
11,Paptalaya,HN,2022-02-01 18:20:41,15.5,-84.3167,83.79,54,0,5.12
12,Mataura,NZ,2022-02-01 18:20:42,-46.1927,168.8643,65.48,72,61,4.05
13,Avarua,CK,2022-02-01 18:20:42,-21.2078,-159.775,78.85,83,98,10.36
14,Imperia,IT,2022-02-01 18:20:42,43.9667,7.7833,44.56,62,0,4.41
15,Chernyshevskiy,RU,2022-02-01 18:20:43,63.0128,112.4714,-31.9,100,18,1.81
16,Castro,BR,2022-02-01 18:20:43,-24.7911,-50.0119,79.18,58,42,4.36
17,Tasiilaq,GL,2022-02-01 18:20:44,65.6145,-37.6368,10.56,71,72,6.53
18,Bagotville,AU,2022-02-01 18:20:44,-28.9833,153.4167,75.63,97,84,3.65
19,Qiongshan,CN,2022-02-01 18:20:44,20.0058,110.3542,58.98,94,75,11.18
20,Erzin,TR,2022-02-01 18:20:44,36.9559,36.2,46.92,81,79,5.64
21,Busselton,AU,2022-02-01 18:20:45,-33.65,115.3333,61.05,64,7,18.79
22,Usinsk,RU,2022-02-01 18:20:45,65.9939,57.5281,-6.54,99,72,7.05
23,Hobart,AU,2022-02-01 18:16:34,-42.8794,147.3294,51.66,58,38,1.01
24,Albany,US,2022-02-01 18:20:31,42.6001,-73.9662,35.94,48,10,1.99
25,Finnsnes,NO,2022-02-01 18:20:46,69.2296,17.9811,19.36,83,86,6.85
26,Constitucion,CL,2022-02-01 18:20:46,-35.3333,-72.4167,68.52,62,4,8.55
27,Ahuimanu,US,2022-02-01 18:20:46,21.4447,-157.8378,74.79,84,0,1.99
28,Lata,PT,2022-02-01 18:20:47,40.1629,-8.3327,61.21,60,0,7.29
29,Lebu,CL,2022-02-01 18:16:11,-37.6167,-73.65,65.98,68,0,12.3
30,Port Elizabeth,ZA,2022-02-01 18:20:47,-33.918,25.5701,80.89,65,0,3.44
31,Mogadishu,SO,2022-02-01 18:20:47,2.0371,45.3438,78.64,86,100,19.28
32,Bikin,RU,2022-02-01 18:20:48,46.8161,134.26,-10.61,100,68,2.39
33,Sept-Iles,CA,2022-02-01 18:20:48,50.2001,-66.3821,7.23,54,40,1.01
34,Iqaluit,CA,2022-02-01 18:20:49,63.7506,-68.5145,-20.47,74,100,0.0
35,Cestas,FR,2022-02-01 18:20:49,44.7435,-0.6791,51.46,90,100,4.0
36,Pingliang,CN,2022-02-01 18:20:49,35.5392,106.6861,13.87,89,100,5.79
37,Saskylakh,RU,2022-02-01 18:17:13,71.9167,114.0833,-28.23,100,60,1.41
38,Kaitangata,NZ,2022-02-01 18:20:50,-46.2817,169.8464,59.22,94,91,1.34
39,Rundu,NA,2022-02-01 18:20:50,-17.9333,19.7667,63.97,93,99,9.04
40,Abnub,EG,2022-02-01 18:20:51,27.2696,31.1511,55.29,43,0,0.47
41,San Patricio,US,2022-02-01 18:20:51,28.017,-97.5169,71.08,62,85,5.14
42,Bluff,NZ,2022-02-01 18:17:22,-46.6,168.3333,65.8,84,70,9.46
43,Ushuaia,AR,2022-02-01 18:20:51,-54.8,-68.3,47.82,87,100,33.38
44,Carnarvon,AU,2022-02-01 18:20:52,-24.8667,113.6333,77.07,83,45,19.57
45,Baltiysk,RU,2022-02-01 18:21:52,54.6538,19.911,31.98,97,100,18.45
46,Rikitea,PF,2022-02-01 18:21:52,-23.1203,-134.9692,77.92,70,24,7.56
47,Yellowknife,CA,2022-02-01 18:21:53,62.456,-114.3525,-23.58,74,0,11.5
48,Safaga,EG,2022-02-01 18:21:53,26.7292,33.9365,62.98,55,0,1.36
49,Ilhabela,BR,2022-02-01 18:21:53,-23.7781,-45.3581,79.23,84,58,5.03
50,Providencia,MX,2022-02-01 18:21:54,28.7167,-111.5833,68.2,37,95,7.76
51,Phayakkhaphum Phisai,TH,2022-02-01 18:21:54,15.5163,103.1937,76.41,62,21,8.77
52,Vao,NC,2022-02-01 18:21:54,-22.6667,167.4833,77.7,82,92,13.94
53,Port Alfred,ZA,2022-02-01 18:17:18,-33.5906,26.891,77.02,83,99,10.13
54,Vanavara,RU,2022-02-01 18:21:55,60.34,102.2797,-5.78,100,100,3.15
55,Upata,VE,2022-02-01 18:21:55,8.0086,-62.3989,86.95,43,56,7.85
56,Koulikoro,ML,2022-02-01 18:21:56,14.0,-7.75,85.28,9,100,14.88
57,Port Macquarie,AU,2022-02-01 18:21:05,-31.4333,152.9167,75.88,88,89,6.96
58,Kuvshinovo,RU,2022-02-01 18:21:56,57.0295,34.1725,21.87,94,100,7.23
59,Uhlove,UA,2022-02-01 18:21:56,44.8215,33.6045,42.57,77,100,6.15
60,Yulin,CN,2022-02-01 18:21:57,22.6333,110.15,50.36,92,100,4.7
61,Saldanha,ZA,2022-02-01 18:21:57,-33.0117,17.9442,69.85,91,19,7.16
62,Moose Factory,CA,2022-02-01 18:21:58,51.2585,-80.6094,30.2,64,100,14.97
63,Beloha,MG,2022-02-01 18:21:58,-25.1667,45.05,74.61,76,0,21.61
64,Reconquista,AR,2022-02-01 18:21:58,-29.15,-59.65,103.5,15,0,3.22
65,Llandrindod Wells,GB,2022-02-01 18:21:59,52.2416,-3.3787,52.61,88,96,22.48
66,Rudbar,AF,2022-02-01 18:21:59,30.15,62.6,62.19,30,3,4.92
67,Upernavik,GL,2022-02-01 18:21:59,72.7868,-56.1549,-16.49,76,100,6.29
68,Hermanus,ZA,2022-02-01 18:18:25,-34.4187,19.2345,71.91,84,3,2.57
69,Maceio,BR,2022-02-01 18:22:00,-9.6658,-35.7353,90.84,51,20,14.97
70,Saint George,US,2022-02-01 18:22:00,37.1041,-113.5841,50.47,28,0,1.01
71,Chino Valley,US,2022-02-01 18:22:00,34.7575,-112.4538,52.83,30,40,1.01
72,Sokoni,TZ,2022-02-01 18:22:01,-6.4333,39.55,81.23,78,3,11.1
73,Yagodnoye,RU,2022-02-01 18:22:01,62.55,149.6667,-4.92,99,100,2.35
74,Severo-Kurilsk,RU,2022-02-01 18:22:01,50.6789,156.125,25.93,78,64,7.78
75,Moindou,NC,2022-02-01 18:22:02,-21.6924,165.677,73.35,86,51,5.48
76,San Ramon,US,2022-02-01 18:22:02,37.7799,-121.978,54.64,37,0,3.0
77,Kapaa,US,2022-02-01 18:22:03,22.0752,-159.319,65.48,100,40,5.75
78,San Quintin,MX,2022-02-01 18:22:03,30.4833,-115.95,59.63,69,82,6.22
79,Khani,GE,2022-02-01 18:22:03,41.9563,42.9566,36.97,80,78,8.25
80,Arraial Do Cabo,BR,2022-02-01 18:22:04,-22.9661,-42.0278,84.16,74,75,10.36
81,Jamestown,US,2022-02-01 18:22:04,42.097,-79.2353,40.3,51,0,19.57
82,Kavieng,PG,2022-02-01 18:22:05,-2.5744,150.7967,78.94,81,100,7.45
83,Hithadhoo,MV,2022-02-01 18:22:05,-0.6,73.0833,82.72,72,12,12.66
84,Ancud,CL,2022-02-01 18:22:05,-41.8697,-73.8203,67.23,77,93,8.95
85,Salinopolis,BR,2022-02-01 18:22:06,-0.6136,-47.3561,83.07,75,84,11.39
86,Palatka,US,2022-02-01 18:22:06,29.6486,-81.6376,73.02,43,42,5.64
87,Inirida,CO,2022-02-01 18:22:06,3.8653,-67.9239,99.07,28,44,2.44
88,Victoria,HK,2022-02-01 18:19:33,22.2855,114.1577,61.25,88,99,5.01
89,Te Anau,NZ,2022-02-01 18:22:07,-45.4167,167.7167,63.14,98,100,2.68
90,Codrington,AU,2022-02-01 18:19:47,-38.2667,141.9667,55.96,55,65,13.69
91,Lompoc,US,2022-02-01 18:23:07,34.6391,-120.4579,61.84,53,0,13.8
92,Hamilton,US,2022-02-01 18:18:44,39.1834,-84.5333,55.24,47,100,8.88
93,Awassa,ET,2022-02-01 18:23:08,7.05,38.4667,66.99,39,59,4.27
94,Berlevag,NO,2022-02-01 18:23:08,70.8578,29.0864,19.4,62,0,8.05
95,Kodiak,US,2022-02-01 18:23:08,57.79,-152.4072,38.71,93,100,18.41
96,Puerto Ayora,EC,2022-02-01 18:23:09,-0.7393,-90.3518,84.16,85,84,5.99
97,Sembe,CG,2022-02-01 18:23:09,1.6481,14.5806,82.11,37,82,1.48
98,Cockburn Town,TC,2022-02-01 18:23:10,21.4612,-71.1419,75.13,75,63,19.6
99,Bethel,US,2022-02-01 18:23:10,41.3712,-73.414,36.43,60,0,3.0
100,Sitka,US,2022-02-01 18:23:10,57.0531,-135.33,31.89,80,75,0.0
101,Itarema,BR,2022-02-01 18:21:21,-2.9248,-39.9167,85.48,63,98,16.2
102,Qaanaaq,GL,2022-02-01 18:23:11,77.484,-69.3632,-16.62,82,100,9.62
103,Sisimiut,GL,2022-02-01 18:23:11,66.9395,-53.6735,8.28,90,100,6.71
104,Inongo,CD,2022-02-01 18:23:12,-1.95,18.2667,80.94,58,56,0.89
105,Derzhavinsk,KZ,2022-02-01 18:23:12,51.1,66.3167,10.29,89,97,5.55
106,Marquette,US,2022-02-01 18:23:12,46.5333,-87.6335,38.68,66,100,14.81
107,Portel,BR,2022-02-01 18:23:13,-1.9356,-50.8211,87.44,57,83,5.32
108,Sakakah,SA,2022-02-01 18:23:13,29.9697,40.2064,51.37,44,0,7.16
109,Baracoa,CU,2022-02-01 18:23:14,20.3467,-74.4958,74.62,78,99,12.35
110,Alta Floresta,BR,2022-02-01 18:23:14,-9.8756,-56.0861,84.02,70,75,3.44
111,Pithora,IN,2022-02-01 18:23:14,21.2667,82.5167,64.26,31,2,2.82
112,Hilo,US,2022-02-01 18:23:15,19.7297,-155.09,70.61,95,100,8.05
113,San Ciro De Acosta,MX,2022-02-01 18:23:15,21.6333,-99.8167,79.39,20,0,3.49
114,Merrill,US,2022-02-01 18:23:15,45.1805,-89.6835,33.75,64,75,25.32
115,Kita,ML,2022-02-01 18:23:16,13.0349,-9.4895,90.97,9,99,9.28
116,Hornepayne,CA,2022-02-01 18:23:16,49.2138,-84.7705,31.37,85,88,18.03
117,Avera,US,2022-02-01 18:23:16,33.194,-82.5271,62.11,50,0,9.46
118,Honiara,SB,2022-02-01 18:23:17,-9.4333,159.95,78.1,87,94,3.58
119,Leh,IN,2022-02-01 18:23:17,34.1667,77.5833,-4.34,79,26,3.29
120,Kelso,US,2022-02-01 18:23:17,46.1468,-122.9084,41.25,98,100,0.0
121,Beringovskiy,RU,2022-02-01 18:23:18,63.05,179.3167,-2.24,89,91,13.35
122,Muroto,JP,2022-02-01 18:23:18,33.2833,134.15,43.09,52,8,15.52
123,New Norfolk,AU,2022-02-01 18:23:19,-42.7826,147.0587,51.3,53,50,1.01
124,Dikson,RU,2022-02-01 18:23:19,73.5069,80.5464,2.82,93,100,19.15
125,Mount Isa,AU,2022-02-01 18:23:19,-20.7333,139.5,78.57,83,40,4.61
126,Acapulco,MX,2022-02-01 18:23:20,16.8634,-99.8901,82.22,65,20,6.91
127,Turukhansk,RU,2022-02-01 18:21:17,65.8167,87.9833,8.28,94,100,9.66
128,Laguna,US,2022-02-01 18:23:20,38.421,-121.4238,57.34,38,0,7.0
129,Nanortalik,GL,2022-02-01 18:23:20,60.1432,-45.2371,12.76,78,19,12.37
130,Manyana,BW,2022-02-01 18:23:21,-23.4,21.7167,75.72,62,72,11.21
131,Tuktoyaktuk,CA,2022-02-01 18:22:18,69.4541,-133.0374,-20.2,76,75,5.75
132,Touros,BR,2022-02-01 18:23:21,-5.1989,-35.4608,88.7,63,21,14.14
133,Georgetown,MY,2022-02-01 18:23:21,5.4112,100.3354,83.89,84,20,4.61
134,Sobolevo,RU,2022-02-01 18:23:22,54.4299,31.8996,17.4,94,99,9.1
135,Ucluelet,CA,2022-02-01 18:23:22,48.9329,-125.5528,35.91,91,29,3.74
136,Aksu,CN,2022-02-01 18:23:23,41.1231,80.2644,24.06,50,2,0.94
137,Guerrero Negro,MX,2022-02-01 18:24:23,27.9769,-114.0611,62.94,62,97,12.33
138,Harper,LR,2022-02-01 18:24:23,4.375,-7.7169,81.9,73,63,9.48
139,Shimoda,JP,2022-02-01 18:24:24,34.6667,138.95,38.1,62,4,29.97
140,Storsteinnes,NO,2022-02-01 18:24:24,69.2408,19.2344,21.2,74,85,7.11
141,Cabo San Lucas,MX,2022-02-01 18:19:47,22.8909,-109.9124,78.51,51,0,1.01
142,Mahebourg,MU,2022-02-01 18:24:25,-20.4081,57.7,80.89,89,75,20.71
143,Norman Wells,CA,2022-02-01 18:24:25,65.282,-126.8329,-18.36,76,75,0.0
144,Anadyr,RU,2022-02-01 18:24:25,64.75,177.4833,18.1,53,0,8.95
145,Conceicao Do Araguaia,BR,2022-02-01 18:24:26,-8.2578,-49.2647,85.42,66,39,3.44
146,Xai-Xai,MZ,2022-02-01 18:24:26,-25.0519,33.6442,78.13,79,2,12.57
147,Belmonte,BR,2022-02-01 18:24:26,-15.8631,-38.8828,86.5,65,21,10.94
148,Gravdal,NO,2022-02-01 18:24:27,68.1214,13.5031,30.09,51,0,19.57
149,Springbok,ZA,2022-02-01 18:24:27,-29.6643,17.8865,72.32,61,48,7.72
150,Bengkulu,ID,2022-02-01 18:24:27,-3.8004,102.2655,74.12,90,100,7.72
151,Bredasdorp,ZA,2022-02-01 18:24:28,-34.5322,20.0403,77.9,67,1,4.68
152,La Rochelle,FR,2022-02-01 18:24:01,46.1667,-1.15,49.08,93,100,17.27
153,Vila Velha,BR,2022-02-01 18:21:38,-20.3297,-40.2925,96.75,46,40,10.36
154,Mount Gambier,AU,2022-02-01 18:24:28,-37.8333,140.7667,48.11,66,40,6.91
155,Murakami,JP,2022-02-01 18:24:29,38.2333,139.4833,32.56,94,100,4.72
156,Ostrovnoy,RU,2022-02-01 18:24:29,68.0531,39.5131,13.66,95,100,3.13
157,Paamiut,GL,2022-02-01 18:24:29,61.994,-49.6678,16.72,76,100,14.54
158,Zhuhai,CN,2022-02-01 18:24:30,22.2769,113.5678,60.98,94,40,12.66
159,Bambous Virieux,MU,2022-02-01 18:24:30,-20.3428,57.7575,80.85,89,75,20.71
160,Cape Town,ZA,2022-02-01 18:23:21,-33.9258,18.4232,73.89,69,20,1.01
161,Khandyga,RU,2022-02-01 18:24:31,62.6667,135.6,-26.99,100,100,0.83
162,Torbay,CA,2022-02-01 18:24:31,47.6666,-52.7314,28.58,53,75,19.57
163,Inverell,AU,2022-02-01 18:24:31,-29.7833,151.1167,74.66,94,100,2.42
164,Korem,ET,2022-02-01 18:24:32,12.5058,39.5228,54.57,75,70,7.52
165,Kuri,KR,2022-02-01 18:24:32,37.5986,127.1394,28.08,68,40,3.44
166,Wanning,CN,2022-02-01 18:24:32,18.8003,110.3967,66.96,92,85,7.72
167,Najran,SA,2022-02-01 18:24:33,17.4924,44.1277,70.45,37,17,5.91
168,Sola,VU,2022-02-01 18:24:33,-13.8833,167.55,80.74,79,100,14.45
169,Esperance,AU,2022-02-01 18:23:33,-33.8667,121.9,58.84,66,63,16.98
170,Clyde River,CA,2022-02-01 18:24:33,70.4692,-68.5914,-21.77,69,75,5.75
171,Ribeira Grande,PT,2022-02-01 18:24:34,38.5167,-28.7,63.0,72,20,20.71
172,Pevek,RU,2022-02-01 18:24:34,69.7008,170.3133,-13.29,89,80,1.63
173,Tecoanapa,MX,2022-02-01 18:24:34,16.5167,-98.75,82.63,57,0,10.54
174,Borogontsy,RU,2022-02-01 18:24:35,62.6683,131.1683,-27.49,100,100,1.88
175,Mitsamiouli,KM,2022-02-01 18:24:35,-11.3847,43.2844,82.69,78,20,0.0
176,Launceston,AU,2022-02-01 18:24:36,-41.45,147.1667,52.61,57,73,5.01
177,Lethem,GY,2022-02-01 18:24:36,3.3803,-59.7968,95.43,35,63,12.17
178,Kambove,CD,2022-02-01 18:24:36,-10.8764,26.5969,63.57,95,69,2.57
179,Osmena,PH,2022-02-01 18:24:37,10.5208,119.9258,79.2,84,93,20.2
180,Namatanai,PG,2022-02-01 18:24:37,-3.6667,152.4333,77.81,86,99,7.18
181,Coswig,DE,2022-02-01 18:24:37,51.1333,13.5833,39.33,88,100,17.27
182,Marawi,PH,2022-02-01 18:24:37,7.9986,124.2928,65.64,94,100,0.54
183,Fukue,JP,2022-02-01 18:24:38,32.6881,128.8419,45.05,56,12,13.76
184,Nuevitas,CU,2022-02-01 18:25:38,21.5453,-77.2644,81.84,57,28,14.85
185,Maningrida,AU,2022-02-01 18:25:38,-12.0667,134.2667,77.79,89,100,10.29
186,Biak,ID,2022-02-01 18:25:39,-0.9131,122.8766,77.58,77,100,4.85
187,Olafsvik,IS,2022-02-01 18:25:39,64.8945,-23.7142,29.08,93,100,16.26
188,Zhigansk,RU,2022-02-01 18:25:40,66.7697,123.3711,-29.25,99,93,8.7
189,San Andres,CO,2022-02-01 18:25:40,12.5847,-81.7006,84.22,65,20,9.22
190,Thompson,CA,2022-02-01 18:25:35,55.7435,-97.8558,-18.24,69,75,9.22
191,Hasaki,JP,2022-02-01 18:25:40,35.7333,140.8333,30.6,57,2,17.36
192,Poum,NC,2022-02-01 18:25:41,-20.2333,164.0167,80.71,78,32,10.74
193,Naze,JP,2022-02-01 18:25:41,28.3667,129.4833,55.94,70,100,11.56
194,Pisco,PE,2022-02-01 18:25:41,-13.7,-76.2167,78.85,57,20,11.5
195,Dole,FR,2022-02-01 18:25:42,47.0833,5.5,38.75,93,100,17.27
196,Grand Island,US,2022-02-01 18:23:42,40.925,-98.342,34.75,43,0,8.01
197,Port Lincoln,AU,2022-02-01 18:25:42,-34.7333,135.8667,59.68,60,2,16.93
198,Leningradskiy,RU,2022-02-01 18:25:43,69.3833,178.4167,-12.01,94,52,12.06
199,Provideniya,RU,2022-02-01 18:25:43,64.3833,-173.3,7.14,70,8,23.44
200,Arti,RU,2022-02-01 18:25:44,56.4234,58.5328,29.03,96,100,10.16
201,Chuy,UY,2022-02-01 18:25:44,-33.6971,-53.4616,76.37,37,0,5.41
202,Porto Empedocle,IT,2022-02-01 18:25:44,37.2934,13.5264,51.04,57,29,16.53
203,Ismailia,EG,2022-02-01 18:25:45,30.6043,32.2723,57.85,53,13,7.36
204,Bilibino,RU,2022-02-01 18:25:45,68.0546,166.4372,6.24,64,100,5.97
205,Yulara,AU,2022-02-01 18:25:45,-25.2406,130.9889,67.84,100,100,11.5
206,Itoman,JP,2022-02-01 18:25:45,26.1247,127.6694,64.78,82,75,8.05
207,Kenora,CA,2022-02-01 18:25:09,49.8167,-94.4337,7.77,78,100,16.11
208,Scarborough,GB,2022-02-01 18:25:46,54.2797,-0.4044,50.54,73,100,3.0
209,Geraldton,AU,2022-02-01 18:25:46,-28.7667,114.6,84.61,26,97,14.97
210,Bonavista,CA,2022-02-01 18:25:47,48.6499,-53.1147,28.11,54,42,19.69
211,Coquimbo,CL,2022-02-01 18:25:47,-29.9533,-71.3436,67.62,74,97,5.59
212,Atasu,KZ,2022-02-01 18:25:47,48.6814,71.6433,2.64,90,64,6.04
213,Yar-Sale,RU,2022-02-01 18:25:48,66.8333,70.8333,-17.19,99,63,6.24
214,Honningsvag,NO,2022-02-01 18:25:48,70.9821,25.9704,18.93,61,72,14.7
215,Dingle,PH,2022-02-01 18:25:48,10.9995,122.6711,73.71,94,100,7.14
216,Nantucket,US,2022-02-01 18:21:44,41.2835,-70.0995,39.31,72,100,9.22
217,Coahuayana,MX,2022-02-01 18:25:49,18.7333,-103.6833,83.68,39,0,6.29
218,Bogatyye Saby,RU,2022-02-01 18:25:49,56.0102,50.4483,29.52,96,100,14.97
219,Kiama,AU,2022-02-01 18:25:49,-34.6833,150.8667,73.38,90,100,1.99
220,Dunedin,NZ,2022-02-01 18:25:50,-45.8742,170.5036,63.75,78,85,7.05
221,Aksum,ET,2022-02-01 18:25:50,14.1245,38.7244,61.38,63,75,6.53
222,Vila Franca Do Campo,PT,2022-02-01 18:25:50,37.7167,-25.4333,63.19,71,49,10.65
223,Mehamn,NO,2022-02-01 18:25:51,71.0357,27.8492,19.35,49,0,20.71
224,Timra,SE,2022-02-01 18:25:51,62.487,17.3257,11.88,85,0,6.91
225,Merauke,ID,2022-02-01 18:25:06,-8.4667,140.3333,75.38,91,100,10.0
226,Mago,RU,2022-02-01 18:25:52,53.2514,140.1822,-3.32,93,96,3.58
227,Vestmannaeyjar,IS,2022-02-01 18:25:52,63.4427,-20.2734,36.59,87,75,18.41
228,Bayir,TR,2022-02-01 18:25:52,37.2687,28.2167,48.72,97,100,9.26
229,Saint Anthony,US,2022-02-01 18:25:53,45.0205,-93.218,20.28,66,75,8.01
230,Denia,ES,2022-02-01 18:26:53,38.8408,0.1057,58.84,60,0,1.99
231,Luanda,AO,2022-02-01 18:24:27,-8.8368,13.2343,77.52,77,50,16.58
232,Wajir,KE,2022-02-01 18:26:54,1.7471,40.0573,87.76,42,0,0.0
233,Klaksvik,FO,2022-02-01 18:26:54,62.2266,-6.589,32.92,73,100,19.35
234,Ust-Nera,RU,2022-02-01 18:26:54,64.5667,143.2,-4.67,99,100,4.88
235,Narsaq,GL,2022-02-01 18:26:55,60.9167,-46.05,19.62,91,62,2.08
236,Shieli,KZ,2022-02-01 18:26:55,44.1667,66.75,29.23,88,5,7.05
237,Monrovia,LR,2022-02-01 18:26:55,6.3005,-10.7969,85.77,72,68,11.77
238,Chapais,CA,2022-02-01 18:26:55,49.7834,-74.8492,11.98,85,100,15.73
239,Alyangula,AU,2022-02-01 18:26:56,-13.8483,136.4192,82.27,78,75,11.5
240,Lorengau,PG,2022-02-01 18:26:56,-2.0226,147.2712,78.53,82,100,7.05
241,Zhezkazgan,KZ,2022-02-01 18:26:57,47.8043,67.7144,8.58,96,95,9.17
242,Dong Hoi,VN,2022-02-01 18:26:57,17.4833,106.6,63.41,88,100,7.49
243,Lexington,US,2022-02-01 18:24:48,37.9887,-84.4777,58.32,35,0,13.8
244,Kang,BW,2022-02-01 18:26:57,-23.6752,22.7876,76.66,57,100,8.86
245,Cidreira,BR,2022-02-01 18:26:58,-30.1811,-50.2056,75.78,64,82,9.84
246,Kaoma,ZM,2022-02-01 18:26:58,-14.7833,24.8,65.05,92,48,0.63
247,Tiksi,RU,2022-02-01 18:26:58,71.6872,128.8694,-17.21,100,100,3.42
248,Vilhena,BR,2022-02-01 18:24:44,-12.7406,-60.1458,80.82,74,75,14.97
249,Hambantota,LK,2022-02-01 18:26:59,6.1241,81.1185,77.34,83,40,10.36
250,Hit,IQ,2022-02-01 18:26:59,33.6416,42.8251,51.39,63,0,4.41
251,Iskateley,RU,2022-02-01 18:26:59,67.6803,53.1512,-9.24,100,99,4.68
252,La Asuncion,VE,2022-02-01 18:27:00,11.0333,-63.8628,85.73,62,9,18.41
253,Nichinan,JP,2022-02-01 18:27:00,31.6,131.3667,39.76,72,58,6.53
254,Lazaro Cardenas,MX,2022-02-01 18:27:00,17.9583,-102.2,80.85,59,2,6.17
255,Husavik,IS,2022-02-01 18:27:01,66.0449,-17.3389,13.91,79,47,11.88
256,East London,ZA,2022-02-01 18:27:01,-33.0153,27.9116,76.14,88,75,8.05
257,Labuan,MY,2022-02-01 18:27:02,5.2767,115.2417,80.96,89,20,2.3
258,Lake Havasu City,US,2022-02-01 18:27:02,34.4839,-114.3224,63.1,14,0,1.99
259,Beaverlodge,CA,2022-02-01 18:27:02,55.2166,-119.4361,-10.05,87,80,3.71
260,Atikokan,CA,2022-02-01 18:27:03,48.7555,-91.6216,15.75,89,100,17.31
261,Mar Del Plata,AR,2022-02-01 18:23:02,-38.0023,-57.5575,82.87,45,0,18.99
262,Saint-Philippe,RE,2022-02-01 18:27:03,-21.3585,55.7679,78.35,90,60,21.32
263,Totma,RU,2022-02-01 18:27:04,59.9747,42.7642,21.06,97,100,3.71
264,Selfoss,IS,2022-02-01 18:27:04,63.9331,-20.9971,36.48,93,84,6.22
265,Termoli,IT,2022-02-01 18:27:04,41.9888,14.9895,42.57,49,26,33.84
266,Vanimo,PG,2022-02-01 18:27:05,-2.6741,141.3028,76.05,86,100,5.06
267,Blagoveshchenka,RU,2022-02-01 18:27:05,52.8333,79.8667,10.33,96,100,7.29
268,Barrow,US,2022-02-01 18:27:06,71.2906,-156.7887,-14.78,70,100,3.44
269,Aras,ES,2022-02-01 18:27:06,42.5617,-2.356,44.06,71,20,10.36
270,Souillac,MU,2022-02-01 18:27:06,-20.5167,57.5167,80.98,89,75,20.71
271,Diffa,NE,2022-02-01 18:27:07,13.3154,12.6113,65.05,21,2,7.47
272,Ankang,CN,2022-02-01 18:27:07,32.68,109.0172,36.37,78,100,2.98
273,Tautira,PF,2022-02-01 18:27:07,-17.7333,-149.15,82.42,79,39,20.56
274,Zeya,RU,2022-02-01 18:27:08,53.75,127.2667,-6.56,86,27,5.46
275,Faanui,PF,2022-02-01 18:28:08,-16.4833,-151.75,80.69,75,12,19.24
276,Pacific Grove,US,2022-02-01 18:28:09,36.6177,-121.9166,57.11,61,0,1.01
277,Tambilil,PH,2022-02-01 18:28:09,5.9622,124.6697,77.58,76,97,3.4
278,Vodnyy,RU,2022-02-01 18:28:09,63.5046,53.4095,12.27,96,98,6.38
279,Nagato,JP,2022-02-01 18:28:10,34.3833,131.2,40.91,63,7,7.2
280,Horasan,TR,2022-02-01 18:28:10,40.0458,42.1728,9.52,94,51,2.08
281,Parana,AR,2022-02-01 18:28:10,-31.732,-60.5238,95.58,41,3,4.85
282,Verkhoyansk,RU,2022-02-01 18:28:11,67.5447,133.385,-17.93,98,100,0.81
283,Pattani,TH,2022-02-01 18:28:11,6.75,100.4167,78.22,91,51,4.38
284,Agadez,NE,2022-02-01 18:28:11,19.75,10.25,58.68,19,0,5.19
285,Awjilah,LY,2022-02-01 18:28:12,29.1081,21.2869,60.1,34,65,10.58
286,Karratha,AU,2022-02-01 18:28:12,-20.7377,116.8463,85.15,67,100,6.6
287,Iquique,CL,2022-02-01 18:28:12,-20.2208,-70.1431,71.69,68,1,8.34
288,Bahia Blanca,AR,2022-02-01 18:28:13,-38.7196,-62.2724,95.31,17,29,13.91
289,Antofagasta,CL,2022-02-01 18:28:13,-23.65,-70.4,72.21,62,3,9.71
290,Karla,EE,2022-02-01 18:28:13,59.3723,24.9275,22.71,87,100,4.61
291,Mananjary,MG,2022-02-01 18:28:14,-21.2167,48.3333,76.24,84,10,6.85
292,Diamantino,BR,2022-02-01 18:28:14,-14.4086,-56.4461,75.65,91,98,9.48
293,Angoche,MZ,2022-02-01 18:28:14,-16.2325,39.9086,78.17,81,1,7.99
294,Esmeralda,CU,2022-02-01 18:28:15,21.8525,-78.1169,81.64,58,53,14.2
295,Ilulissat,GL,2022-02-01 18:24:27,69.2167,-51.1,3.22,51,75,8.05
296,Penzance,GB,2022-02-01 18:28:15,50.1186,-5.5371,51.01,94,55,18.21
297,Suraabad,AZ,2022-02-01 18:28:16,40.8192,49.4687,41.18,82,3,12.48
298,Uruacu,BR,2022-02-01 18:28:16,-14.5247,-49.1408,79.68,79,53,5.01
299,Road Town,VG,2022-02-01 18:27:42,18.4167,-64.6167,82.49,65,40,5.75
300,Brae,GB,2022-02-01 18:28:16,60.3964,-1.353,40.91,67,77,30.44
301,Hongjiang,CN,2022-02-01 18:28:17,27.11,109.9956,36.93,99,100,3.96
302,Bonthe,SL,2022-02-01 18:28:17,7.5264,-12.505,82.26,72,92,13.2
303,Shumikha,RU,2022-02-01 18:28:17,55.2261,63.2961,14.29,95,32,11.27
304,Teya,RU,2022-02-01 18:28:18,60.3778,92.6267,-4.22,100,89,3.89
305,Nouna,BF,2022-02-01 18:28:18,12.7333,-3.8667,85.55,6,48,12.5
306,Cozumel,MX,2022-02-01 18:28:18,20.5083,-86.9458,80.67,65,40,5.99
307,Gillette,US,2022-02-01 18:27:37,44.2911,-105.5022,14.92,65,100,8.01
308,Ormara,PK,2022-02-01 18:28:19,25.2088,64.6357,73.26,61,6,10.22
309,Omsukchan,RU,2022-02-01 18:28:19,62.5333,155.8,-6.68,93,100,4.97
310,Medina Del Campo,ES,2022-02-01 18:28:19,41.3124,-4.9141,45.72,73,1,7.78
311,Sinnamary,GF,2022-02-01 18:28:20,5.3833,-52.95,80.64,77,53,12.46
312,Chitradurga,IN,2022-02-01 18:28:20,14.2333,76.4,71.89,36,0,4.72
313,Hofn,IS,2022-02-01 18:28:21,64.2539,-15.2082,24.04,53,0,7.31
314,Hirara,JP,2022-02-01 18:28:21,24.8,125.2833,68.68,69,73,18.41
315,Kualakapuas,ID,2022-02-01 18:28:21,-3.0091,114.3876,77.16,93,33,1.39
316,Auki,SB,2022-02-01 18:28:22,-8.7676,160.7034,79.12,85,98,5.14
317,Lagoa,PT,2022-02-01 18:28:22,39.05,-27.9833,58.46,78,16,18.16
318,Adrar,MR,2022-02-01 18:28:22,20.5022,-10.0711,81.66,11,69,12.55
319,Gainesville,US,2022-02-01 18:24:39,29.6516,-82.3248,70.79,39,0,1.01
320,Kolbermoor,DE,2022-02-01 18:28:23,47.85,12.0667,37.0,82,100,10.0
321,Sao Joao Del Rei,BR,2022-02-01 18:28:23,-21.1356,-44.2617,75.63,89,97,5.08
322,Rio Grande,BR,2022-02-01 18:29:23,-32.035,-52.0986,78.94,50,0,11.95
323,Aykhal,RU,2022-02-01 18:29:24,66.0,111.5,-24.05,100,37,3.38
324,Kichmengskiy Gorodok,RU,2022-02-01 18:29:24,59.9816,45.7854,27.41,94,100,8.61
325,Cornwall,CA,2022-02-01 18:29:24,45.0181,-74.7281,38.98,53,0,6.91
326,Atescatempa,GT,2022-02-01 18:29:25,14.1744,-89.7425,86.25,45,20,3.44
327,Skegness,GB,2022-02-01 18:29:25,53.1436,0.3363,52.57,73,94,26.57
328,Bangkalan,ID,2022-02-01 18:29:25,-7.0455,112.7351,76.95,88,92,2.91
329,Kabale,UG,2022-02-01 18:29:26,-1.2486,29.9899,61.9,75,100,0.36
330,Mayo,US,2022-02-01 18:29:26,38.8876,-76.5119,43.74,62,0,4.0
331,Khandbari,NP,2022-02-01 18:29:27,27.3747,87.2039,44.73,80,74,4.23
332,Gebre Guracha,ET,2022-02-01 18:29:27,9.8,38.4,62.69,35,58,5.35
333,Srednekolymsk,RU,2022-02-01 18:29:27,67.45,153.6833,-21.53,98,100,1.77
334,Padang,ID,2022-02-01 18:29:28,-0.9492,100.3543,76.15,90,100,5.57
335,Ponta Do Sol,PT,2022-02-01 18:29:28,32.6667,-17.1,72.12,32,22,12.03
336,Grand Gaube,MU,2022-02-01 18:29:28,-20.0064,57.6608,81.0,80,100,10.0
337,Kalianget,ID,2022-02-01 18:29:29,-7.05,113.9333,78.31,86,94,7.56
338,Abu Dhabi,AE,2022-02-01 18:27:42,24.4667,54.3667,71.71,77,0,3.44
339,Kankon,IN,2022-02-01 18:29:29,15.0167,74.0167,73.89,68,1,5.59
340,Nemuro,JP,2022-02-01 18:29:30,43.3236,145.575,23.38,71,14,16.91
341,Tarrafal,CV,2022-02-01 18:29:30,15.2833,-23.7667,79.59,74,99,12.95
342,Brooks,CA,2022-02-01 18:28:53,50.5834,-111.8851,2.03,76,100,9.22
343,Saint-Pierre,RE,2022-02-01 18:29:30,-21.3393,55.4781,78.44,88,100,27.63
344,Aquiraz,BR,2022-02-01 18:29:31,-3.9014,-38.3911,87.89,63,67,12.5
345,Cayenne,GF,2022-02-01 18:29:31,4.9333,-52.3333,77.04,93,75,1.14
346,Baoding,CN,2022-02-01 18:29:31,38.8511,115.4903,24.3,43,0,3.13
347,Batagay,RU,2022-02-01 18:29:32,67.6333,134.6333,-20.2,98,100,1.25
348,Dhidhdhoo,MV,2022-02-01 18:29:32,6.8833,73.1,81.73,72,36,9.93
349,Vuktyl,RU,2022-02-01 18:29:33,63.8567,57.3094,2.03,93,62,3.47
350,Cairns,AU,2022-02-01 18:27:31,-16.9167,145.7667,79.07,97,96,0.0
351,Murgab,TM,2022-02-01 18:29:33,37.4966,61.9714,55.27,41,100,9.22
352,Izumo,JP,2022-02-01 18:29:33,35.3667,132.7667,33.75,69,96,4.68
353,Jardim,BR,2022-02-01 18:27:04,-21.4803,-56.1381,95.41,33,47,2.82
354,Roald,NO,2022-02-01 18:29:34,62.5833,6.1333,36.34,100,75,2.3
355,Walvis Bay,NA,2022-02-01 18:29:34,-22.9575,14.5053,71.1,75,93,8.43
356,Trairi,BR,2022-02-01 18:29:35,-3.2778,-39.2689,85.23,63,97,14.38
357,Olinda,BR,2022-02-01 18:29:35,-8.0089,-34.8553,85.73,66,20,10.36
358,Sainte-Rose,GP,2022-02-01 18:29:35,16.3324,-61.6979,84.24,61,40,13.8
359,Guymon,US,2022-02-01 18:28:45,36.6828,-101.4816,41.92,35,91,22.53
360,Todos Santos,MX,2022-02-01 18:29:36,23.45,-110.2167,78.01,60,0,5.61
361,Mariental,NA,2022-02-01 18:29:36,-24.6333,17.9667,75.9,61,100,9.06
362,Asfi,MA,2022-02-01 18:28:55,32.2994,-9.2372,64.9,54,0,17.31
363,Puerto Cabezas,NI,2022-02-01 18:29:37,14.0351,-83.3888,80.56,83,40,6.91
364,Eureka,US,2022-02-01 18:29:23,40.8021,-124.1637,48.25,77,1,10.0
365,Camacha,PT,2022-02-01 18:29:37,33.0833,-16.3333,64.53,77,0,20.71
366,Marsa Matruh,EG,2022-02-01 18:30:37,31.3525,27.2453,56.34,58,3,14.43
367,Wolsztyn,PL,2022-02-01 18:30:38,52.1155,16.1171,35.92,100,100,1.99
368,Alofi,NU,2022-02-01 18:30:38,-19.0595,-169.9187,69.69,100,0,1.14
369,Goderich,CA,2022-02-01 18:30:39,43.7501,-81.7165,38.91,56,100,14.97
370,Hovd,MN,2022-02-01 18:30:40,48.0056,91.6419,-6.11,92,100,0.25
371,Jizan,SA,2022-02-01 18:30:40,17.3333,42.6667,79.74,69,14,6.73
372,Sancti Spiritus,CU,2022-02-01 18:30:40,21.9297,-79.4425,78.15,51,100,13.11
373,Khatanga,RU,2022-02-01 18:30:41,71.9667,102.5,-35.68,100,21,2.84
374,Garmisch-Partenkirchen,DE,2022-02-01 18:30:41,47.4921,11.0958,34.65,87,100,7.65
375,Montemor-O-Novo,PT,2022-02-01 18:30:41,38.6481,-8.2145,58.41,60,0,7.02
376,Qui Nhon,VN,2022-02-01 18:30:42,13.7667,109.2333,71.98,88,99,9.69
377,Aklavik,CA,2022-02-01 18:30:42,68.2191,-135.0107,-12.17,76,75,4.61
378,Lavrentiya,RU,2022-02-01 18:30:42,65.5833,-171.0,2.57,71,6,18.75
379,Bud,US,2022-02-01 18:30:43,39.447,-86.1758,55.45,63,100,12.03
380,San Vicente,AR,2022-02-01 18:27:29,-26.6167,-54.1333,96.98,13,1,2.77
381,Sorong,ID,2022-02-01 18:30:43,-0.8833,131.25,79.61,75,100,5.35
382,Nelson Bay,AU,2022-02-01 18:30:43,-32.7167,152.15,75.25,93,100,4.97
383,Champerico,GT,2022-02-01 18:30:44,14.3,-91.9167,91.94,55,0,10.71
384,Bam,IR,2022-02-01 18:30:44,29.106,58.357,62.01,48,0,8.3
385,Romny,UA,2022-02-01 18:30:44,50.751,33.4747,15.04,96,38,7.54
386,Danilov,RU,2022-02-01 18:30:45,58.1908,40.1717,23.32,96,100,5.7
387,Lumby,CA,2022-02-01 18:30:45,50.2498,-118.969,32.72,74,43,2.3
388,Konch,IN,2022-02-01 18:30:46,25.9833,79.15,59.09,60,0,5.1
389,Kyaikto,MM,2022-02-01 18:30:46,17.3,97.0167,65.79,82,36,3.27
390,Sioux Lookout,CA,2022-02-01 18:30:47,50.1001,-91.917,23.07,93,100,9.22
391,Jalu,LY,2022-02-01 18:30:47,29.0331,21.5482,59.27,34,100,11.25
392,Ahipara,NZ,2022-02-01 18:26:12,-35.1667,173.1667,69.01,87,100,15.41
393,Teguldet,RU,2022-02-01 18:30:47,57.3064,88.1667,12.56,96,100,6.29
394,Adzope,CI,2022-02-01 18:30:48,6.1069,-3.8619,80.1,24,68,0.65
395,Irtyshskiy,RU,2022-02-01 18:30:48,58.3333,68.1333,10.96,96,99,7.02
396,Sistranda,NO,2022-02-01 18:30:48,63.7256,8.834,24.76,60,100,5.84
397,Suzhou,CN,2022-02-01 18:30:49,31.3114,120.6181,39.07,80,100,5.97
398,Kahului,US,2022-02-01 18:29:32,20.8947,-156.47,68.97,79,20,0.0
399,Chegdomyn,RU,2022-02-01 18:30:49,51.1167,133.0167,-19.66,100,100,1.12
400,Ngunguru,NZ,2022-02-01 18:30:50,-35.6167,174.5,70.16,86,100,17.45
401,Talnakh,RU,2022-02-01 18:30:50,69.4865,88.3972,6.21,96,100,9.24
402,Socorro,US,2022-02-01 18:30:51,31.6546,-106.3033,63.59,22,75,11.5
403,Panaba,MX,2022-02-01 18:30:51,21.2833,-88.2667,83.21,44,41,10.8
404,Vardo,NO,2022-02-01 18:30:51,70.3705,31.1107,15.78,92,0,9.22
405,Killybegs,IE,2022-02-01 18:30:52,54.6333,-8.45,49.44,96,100,20.71
406,Rocha,UY,2022-02-01 18:30:52,-34.4833,-54.3333,78.94,34,0,1.57
407,Petropavlovsk-Kamchatskiy,RU,2022-02-01 18:30:52,53.0452,158.6483,27.19,80,75,15.66
408,Tuatapere,NZ,2022-02-01 18:30:53,-46.1333,167.6833,66.81,87,100,7.4
409,Lerwick,GB,2022-02-01 18:30:53,60.1545,-1.1494,41.0,63,100,29.8
410,Agirish,RU,2022-02-01 18:30:53,61.9247,63.0231,-0.99,99,99,4.88
411,Komyshuvakha,UA,2022-02-01 18:30:54,47.7176,35.5288,32.94,94,100,5.82
412,Denpasar,ID,2022-02-01 18:31:54,-8.65,115.2167,82.06,83,20,6.91
413,Caravelas,BR,2022-02-01 18:31:55,-17.7125,-39.2481,84.47,66,100,10.36
414,Airai,TL,2022-02-01 18:31:55,-8.9266,125.4092,59.61,84,89,3.53
415,Chunoyar,RU,2022-02-01 18:31:56,57.4467,97.3217,-9.11,100,93,1.05
416,Cherskiy,RU,2022-02-01 18:31:56,68.75,161.3,-8.36,79,91,3.87
417,Beyneu,KZ,2022-02-01 18:31:56,45.3167,55.2,33.06,84,100,11.05
418,Caracollo,PE,2022-02-01 18:31:57,-14.9165,-70.6603,51.48,69,99,5.48
419,Kruisfontein,ZA,2022-02-01 18:31:57,-34.0033,24.7314,75.88,73,99,3.76
420,Zhanakorgan,KZ,2022-02-01 18:31:57,43.9098,67.2495,28.38,78,5,6.53
421,Owasso,US,2022-02-01 18:29:20,36.2695,-95.8547,61.72,78,100,4.0
422,Bulawayo,ZW,2022-02-01 18:31:58,-20.15,28.5833,69.17,72,87,6.85
423,Matara,LK,2022-02-01 18:31:58,5.9485,80.5353,72.46,85,0,9.71
424,Kralendijk,BQ,2022-02-01 18:30:16,12.15,-68.2667,85.98,62,75,16.11
425,Labuhan,ID,2022-02-01 18:31:59,-6.8844,112.2051,77.41,88,97,5.32
426,Wad Madani,SD,2022-02-01 18:31:59,14.4012,33.5199,71.29,23,5,10.56
427,Mzimba,MW,2022-02-01 18:32:00,-11.9,33.6,62.29,95,34,5.41
428,Parkes,AU,2022-02-01 18:32:00,-33.1333,148.1833,71.35,90,100,9.53
429,Mikhaylovskoye,RU,2022-02-01 18:32:01,51.8239,79.7172,1.47,98,100,4.61
430,Antalaha,MG,2022-02-01 18:32:01,-14.9003,50.2788,75.85,83,100,7.45
431,Vryburg,ZA,2022-02-01 18:32:01,-26.9566,24.7284,72.82,65,99,4.97
432,Chokurdakh,RU,2022-02-01 18:32:02,70.6333,147.9167,-21.51,98,100,1.59
433,Dolzhanskaya,RU,2022-02-01 18:32:02,46.6311,37.8039,35.91,88,100,14.03
434,Beaver Dam,US,2022-02-01 18:32:03,43.4578,-88.8373,43.05,70,0,11.5
435,Shakiso,ET,2022-02-01 18:32:03,5.75,38.9167,61.57,47,31,3.29
436,Syracuse,IT,2022-02-01 18:32:03,37.0881,15.2792,51.17,67,11,19.98
437,Rameswaram,IN,2022-02-01 18:32:04,9.2833,79.3,78.76,70,8,14.88
438,Yushala,RU,2022-02-01 18:32:04,57.0761,64.2601,17.35,88,100,7.94
439,Akyab,MM,2022-02-01 18:32:04,20.15,92.9,65.52,76,71,8.03
440,Neyshabur,IR,2022-02-01 18:32:05,36.2133,58.7958,36.16,91,100,8.97
441,San Luis,AR,2022-02-01 18:32:05,-33.295,-66.3356,92.32,25,3,13.58
442,Port-Gentil,GA,2022-02-01 18:32:05,-0.7193,8.7815,80.11,83,75,11.5
443,Vung Tau,VN,2022-02-01 18:32:06,10.346,107.0843,78.12,79,5,22.3
444,Pangnirtung,CA,2022-02-01 18:32:06,66.1451,-65.7125,-25.6,68,0,0.0
445,Turka,UA,2022-02-01 18:32:06,49.1541,23.0297,26.26,91,100,6.15
446,Henties Bay,NA,2022-02-01 18:32:07,-22.116,14.2845,70.86,77,1,4.5
447,Ankara,TR,2022-02-01 18:27:18,39.9199,32.8543,34.99,80,75,2.3
448,Atar,MR,2022-02-01 18:32:07,20.5169,-13.0499,82.2,10,98,10.0
449,San Policarpo,PH,2022-02-01 18:32:08,12.1791,125.5072,78.13,84,100,9.57
450,Gasa,PS,2022-02-01 18:32:08,31.5,34.4667,52.92,71,0,8.19
451,Lahaina,US,2022-02-01 18:27:22,20.8783,-156.6825,71.35,75,28,6.49
452,Bajitpur,BD,2022-02-01 18:32:09,24.2167,90.95,69.84,89,0,2.86
453,Kavaratti,IN,2022-02-01 18:32:09,10.5669,72.642,80.24,70,5,7.94
454,Rosarito,MX,2022-02-01 18:32:09,32.3333,-117.0333,61.92,70,98,8.12
455,Juba,SS,2022-02-01 18:32:10,4.8517,31.5825,81.18,25,95,4.5
456,Batemans Bay,AU,2022-02-01 18:30:13,-35.7167,150.1833,73.2,91,100,6.46
457,Portland,US,2022-02-01 18:27:52,45.5234,-122.6762,41.45,93,100,1.01
458,Orichi,RU,2022-02-01 18:32:11,58.4036,49.0572,28.26,93,100,9.82
459,Coihaique,CL,2022-02-01 18:32:11,-45.5752,-72.0662,69.75,40,75,9.22
460,Leshukonskoye,RU,2022-02-01 18:33:12,64.8989,45.7622,4.55,97,97,5.19
461,Bubaque,GW,2022-02-01 18:33:12,11.2833,-15.8333,79.16,74,6,12.64
462,Utraula,IN,2022-02-01 18:33:13,27.3167,82.4167,52.92,77,0,7.18
463,Opuwo,NA,2022-02-01 18:33:13,-18.0607,13.84,72.19,37,100,10.09
464,Muros,ES,2022-02-01 18:33:13,42.7762,-9.0603,54.68,72,0,14.03
465,Ishigaki,JP,2022-02-01 18:33:14,24.3448,124.1572,69.57,73,100,19.01
466,Komsomolskiy,UZ,2022-02-01 18:33:14,40.4272,71.7189,31.42,74,100,4.61
467,Lac-Au-Saumon,CA,2022-02-01 18:33:14,48.421,-67.3476,3.7,74,55,3.83
468,El Bordo,CO,2022-02-01 18:33:15,2.117,-76.9821,79.57,66,35,2.55
469,Lida,BY,2022-02-01 18:33:15,53.8833,25.2997,23.47,92,100,8.97
470,Luderitz,NA,2022-02-01 18:33:15,-26.6481,15.1594,66.06,85,47,9.06
471,Bratslav,UA,2022-02-01 18:33:16,48.8226,28.9407,26.01,90,25,3.96
472,Voh,NC,2022-02-01 18:33:16,-20.9667,164.7,75.02,91,42,3.98
473,Soe,ID,2022-02-01 18:33:16,-9.8607,124.284,65.08,89,60,4.18
474,Placido De Castro,BR,2022-02-01 18:33:17,-10.3353,-67.1856,82.81,84,80,3.02
475,Bandarbeyla,SO,2022-02-01 18:33:17,9.4942,50.8122,76.64,76,77,15.99
476,Lasem,ID,2022-02-01 18:33:17,-6.6922,111.4527,77.0,90,65,4.52
477,Kumo,NG,2022-02-01 18:33:18,10.0447,11.2122,72.93,19,1,8.08
478,Huilong,CN,2022-02-01 18:33:18,31.8111,121.655,42.04,71,100,6.76
479,Odienne,CI,2022-02-01 18:33:19,9.51,-7.5692,83.19,12,100,4.79
480,Kasongo,CD,2022-02-01 18:33:19,-4.45,26.6667,70.07,92,100,1.23
481,Vilyuysk,RU,2022-02-01 18:33:19,63.7553,121.6247,-31.02,99,79,4.9
482,Ajaccio,FR,2022-02-01 18:33:20,42.0,8.9167,44.65,62,0,4.61
483,Kuruman,ZA,2022-02-01 18:33:20,-27.4524,23.4325,68.99,63,99,8.03
484,Ekhabi,RU,2022-02-01 18:33:21,53.5102,142.9671,2.77,91,99,21.43
485,Banda,IN,2022-02-01 18:33:21,25.4833,80.3333,60.64,58,0,3.94
486,Kampong Thum,KH,2022-02-01 18:33:21,12.7111,104.8887,73.22,85,23,4.94
487,Charters Towers,AU,2022-02-01 18:33:22,-20.1,146.2667,77.52,77,100,5.64
488,Ulladulla,AU,2022-02-01 18:33:22,-35.35,150.4667,70.77,89,100,12.55
489,Batetskiy,RU,2022-02-01 18:33:22,58.6461,30.3027,17.98,96,99,5.03
490,Gizo,SB,2022-02-01 18:33:23,-8.103,156.8419,82.51,79,94,10.42
491,Shimanovsk,RU,2022-02-01 18:32:15,52.0,127.7,-7.53,91,11,7.36
492,Vinzili,RU,2022-02-01 18:33:23,56.9594,65.7708,17.91,94,49,6.67
493,Nome,US,2022-02-01 18:33:24,64.5011,-165.4064,21.27,53,0,26.46
494,Nazca,PE,2022-02-01 18:33:24,-14.8333,-74.95,84.72,42,31,10.8
495,Chara,RU,2022-02-01 18:33:24,56.9064,118.2631,-20.51,88,55,1.5
496,Paracuru,BR,2022-02-01 18:33:25,-3.41,-39.0306,87.82,65,81,14.03
497,Samarai,PG,2022-02-01 18:33:25,-10.6167,150.6667,80.8,78,100,12.06
498,Sorkjosen,NO,2022-02-01 18:33:25,69.8,20.9333,15.8,48,0,14.97
499,Benghazi,LY,2022-02-01 18:33:26,32.1167,20.0667,58.1,67,71,21.54
500,Waipawa,NZ,2022-02-01 18:33:26,-41.4122,175.5153,66.45,73,100,6.33
501,Taclobo,PH,2022-02-01 18:33:26,12.3074,122.586,78.24,83,100,14.63
502,Tondano,ID,2022-02-01 18:33:27,1.3038,124.9112,68.09,84,100,2.62
503,Kotturu,IN,2022-02-01 18:33:27,14.8167,76.2167,72.68,36,1,5.12
504,Tomatlan,MX,2022-02-01 18:29:04,19.9333,-105.25,87.03,20,0,6.38
505,Bellevue,US,2022-02-01 18:31:38,47.6104,-122.2007,42.55,84,75,1.01
506,Pokhara,NP,2022-02-01 18:33:28,28.2333,83.9833,48.27,69,23,5.01
507,Lachhmangarh,IN,2022-02-01 18:34:28,27.8214,75.0251,59.23,36,0,5.17
508,Marrakesh,MA,2022-02-01 18:31:36,31.6315,-8.0083,73.47,20,0,9.22
509,Deputatskiy,RU,2022-02-01 18:34:29,69.3,139.9,-12.95,99,100,0.65
510,Sembakung,ID,2022-02-01 18:34:29,3.8167,117.25,72.63,99,97,1.86
511,Tshikapa,CD,2022-02-01 18:34:29,-6.4167,20.8,73.56,88,100,2.59
512,Babu,CN,2022-02-01 18:34:30,24.4167,111.5167,43.03,93,100,5.37
513,College,US,2022-02-01 18:34:30,64.8569,-147.8028,-2.54,77,20,0.0
514,Santa Maria,BR,2022-02-01 18:34:30,-29.6842,-53.8069,88.9,51,20,5.75
515,Spenge,DE,2022-02-01 18:34:31,52.1333,8.4833,46.27,88,90,21.27
516,Hoa Binh,VN,2022-02-01 18:34:31,20.8133,105.3383,51.69,78,100,1.52
517,Wajima,JP,2022-02-01 18:34:31,37.4,136.9,37.8,62,100,23.02
518,Mpanda,TZ,2022-02-01 18:34:32,-6.3655,31.0409,63.32,97,100,0.83
519,Zhanaozen,KZ,2022-02-01 18:34:32,43.3,52.8,40.26,58,4,9.55
520,Portage,US,2022-02-01 18:34:32,41.1667,-81.1998,44.71,100,78,11.56
521,Tual,ID,2022-02-01 18:34:33,-5.6667,132.75,82.76,75,100,10.58
522,Martapura,ID,2022-02-01 18:34:33,-3.4167,114.85,77.09,88,100,3.44
523,Otane,NZ,2022-02-01 18:34:34,-39.8833,176.6333,68.02,76,100,3.53
524,Tessalit,ML,2022-02-01 18:34:34,20.1986,1.0114,71.6,14,100,8.9
525,Porto Walter,BR,2022-02-01 18:34:34,-8.2686,-72.7439,88.18,49,100,3.74
526,San Martin Sacatepequez,GT,2022-02-01 18:34:35,14.8167,-91.65,67.71,73,20,9.22
527,Banjar,ID,2022-02-01 18:34:35,-8.19,114.9675,82.26,91,100,1.05
528,Gallup,US,2022-02-01 18:34:35,35.5281,-108.7426,43.56,39,100,1.01
529,Ayagoz,KZ,2022-02-01 18:34:36,47.9714,80.4392,-9.09,96,22,6.8
530,Manokwari,ID,2022-02-01 18:34:36,-0.8667,134.0833,77.52,81,100,5.28
531,Miles City,US,2022-02-01 18:34:36,46.4083,-105.8406,13.51,52,20,10.36
532,Opotiki,NZ,2022-02-01 18:34:37,-38.0833,177.2833,71.38,91,100,8.21
533,Longyearbyen,SJ,2022-02-01 18:32:40,78.2186,15.6401,21.04,68,40,14.97
534,Hami,CN,2022-02-01 18:34:37,42.8,93.45,22.48,33,65,2.06
535,Son La,VN,2022-02-01 18:34:38,21.3167,103.9,50.76,92,88,4.29
536,San Cristobal,VE,2022-02-01 18:34:39,7.7669,-72.225,77.18,30,89,8.08
537,Richards Bay,ZA,2022-02-01 18:34:39,-28.783,32.0377,77.97,79,100,12.44
538,Puerto Baquerizo Moreno,EC,2022-02-01 18:30:12,-0.9,-89.6,83.39,65,40,16.11
539,Buin,CL,2022-02-01 18:34:40,-33.7333,-70.75,85.05,24,100,10.33
540,Umm Lajj,SA,2022-02-01 18:34:40,25.0213,37.2685,68.49,30,0,11.01
541,Juneau,US,2022-02-01 18:31:25,58.3019,-134.4197,23.05,90,40,0.0
542,Solnechnyy,RU,2022-02-01 18:34:40,50.7214,136.6319,-3.32,99,100,1.88
543,Dingli,MT,2022-02-01 18:34:41,35.8614,14.3822,51.82,62,20,26.46
544,Saint-Joseph,RE,2022-02-01 18:34:41,-21.3667,55.6167,77.36,91,67,21.81
545,Bilma,NE,2022-02-01 18:34:42,18.6853,12.9164,59.65,19,0,5.12
546,Abbeyfeale,IE,2022-02-01 18:34:42,52.3814,-9.3025,48.52,91,100,11.83
547,Urengoy,RU,2022-02-01 18:34:42,65.9667,78.3667,-6.97,100,92,4.29
548,Khuzhir,RU,2022-02-01 18:34:43,53.1939,107.3397,0.28,91,56,3.29
549,Cartagena,CO,2022-02-01 18:30:17,10.3997,-75.5144,85.62,66,20,11.5
550,Minudasht,IR,2022-02-01 18:34:43,37.2289,55.3747,40.57,75,0,4.61
551,Payo,ID,2022-02-01 18:34:44,-3.7508,103.6372,72.37,99,100,0.81
552,Libreville,GA,2022-02-01 18:33:19,0.3925,9.4537,80.67,78,31,9.66
553,Asau,RO,2022-02-01 18:34:44,46.4333,26.4,33.96,72,100,1.59
554,Okato,NZ,2022-02-01 18:34:45,-39.2,173.8833,66.9,87,100,16.17
555,Darhan,MN,2022-02-01 18:35:45,49.4867,105.9228,-12.12,96,78,4.94
556,Asyut,EG,2022-02-01 18:35:45,27.181,31.1837,54.64,44,0,2.44
557,Lasa,IT,2022-02-01 18:35:46,46.6166,10.7002,42.71,94,100,8.03
558,Mozarlandia,BR,2022-02-01 18:35:46,-14.7447,-50.5706,81.14,78,89,5.75
559,Kaeo,NZ,2022-02-01 18:35:46,-35.1,173.7833,70.32,91,100,13.38
560,Tacna,PE,2022-02-01 18:35:47,-18.0056,-70.2483,75.4,41,0,12.66
561,Berdigestyakh,RU,2022-02-01 18:33:09,62.0989,126.6992,-18.36,96,100,7.87
562,Shirokiy,RU,2022-02-01 18:35:47,49.758,129.523,-18.31,100,18,4.63
563,Letlhakane,BW,2022-02-01 18:35:47,-21.4167,25.5833,75.58,60,95,12.39
564,Nouadhibou,MR,2022-02-01 18:35:48,20.931,-17.0347,71.58,60,100,11.5
565,Nishihara,JP,2022-02-01 18:35:48,26.1842,127.7558,64.06,81,75,8.05
566,Barcelos,PT,2022-02-01 18:35:49,41.5388,-8.6151,62.74,69,0,4.92
567,Fairbanks,US,2022-02-01 18:35:49,64.8378,-147.7164,-14.4,74,0,0.0
568,Latacunga,EC,2022-02-01 18:35:49,-0.9333,-78.6167,64.45,59,40,9.22
569,Abu Samrah,SY,2022-02-01 18:35:50,35.3029,37.1841,50.79,70,100,4.14
570,Fort Nelson,CA,2022-02-01 18:35:50,58.8053,-122.7002,-17.01,76,75,5.75
571,Batticaloa,LK,2022-02-01 18:35:50,7.7102,81.6924,75.4,70,0,4.21
572,Trelew,AR,2022-02-01 18:35:51,-43.249,-65.3051,86.2,21,28,13.91
573,Srivardhan,IN,2022-02-01 18:35:51,18.0333,73.0167,70.9,71,5,7.52
574,Gat,IL,2022-02-01 18:35:51,31.61,34.7642,52.39,100,0,5.35
575,Betsiamites,CA,2022-02-01 18:35:52,48.9413,-68.646,10.29,85,100,2.77
576,Ambon,ID,2022-02-01 18:35:52,-3.6954,128.1814,75.34,94,40,5.75
577,Paramirim,BR,2022-02-01 18:32:13,-13.4425,-42.2389,82.4,66,91,2.82
578,Saint-Augustin,CA,2022-02-01 18:35:52,51.226,-58.6502,4.3,76,2,13.58
579,Magurele,RO,2022-02-01 18:31:38,44.35,26.0333,40.05,55,0,1.14
580,Norsup,VU,2022-02-01 18:35:53,-16.0667,167.3833,80.19,85,91,7.78
581,Talara,PE,2022-02-01 18:35:54,-4.5772,-81.2719,90.36,45,0,10.36
582,Jurm,AF,2022-02-01 18:35:54,36.8648,70.8342,31.03,55,96,6.6
583,Mundo Nuevo,MX,2022-02-01 18:35:54,18.7,-95.5,73.44,87,84,5.59
584,Anchorage,US,2022-02-01 18:35:55,61.2181,-149.9003,30.63,74,20,5.01
585,Okhotsk,RU,2022-02-01 18:32:11,59.3833,143.3,0.25,77,8,16.28
586,Porto Santo,PT,2022-02-01 18:35:55,33.072,-16.3415,66.31,77,0,20.71
587,Belyy Yar,RU,2022-02-01 18:35:56,53.6039,91.3903,-13.11,77,100,2.24
588,Tura,IN,2022-02-01 18:35:56,25.5198,90.2201,53.1,72,3,4.59
589,Kedrovka,RU,2022-02-01 18:35:56,55.5333,86.05,13.08,100,88,3.85
590,Dashitou,CN,2022-02-01 18:35:57,43.3067,128.5114,1.33,90,21,7.4
591,Kings Mountain,US,2022-02-01 18:35:57,35.2451,-81.3412,50.92,51,0,3.0
592,Qaqortoq,GL,2022-02-01 18:35:57,60.7167,-46.0333,19.9,96,19,3.13
593,Port Hedland,AU,2022-02-01 18:35:58,-20.3167,118.5667,80.65,94,100,3.44
